{"apiId":0,"apiName":null,"temperature":17.700000000000003,"weatherDescription":"Mostly Cloudy","windSpeed":2.5615392000000003,"windDegree":97.0,"cloudCover":78.0}