{"apiId":0,"apiName":null,"temperature":19.00555555555555,"weatherDescription":"Overcast","windSpeed":2.9862271999999996,"windDegree":92.0,"cloudCover":97.0}